employee_number,attrition,age,years_at_company,over_time,distance_from_home,environment_satisfaction,job_satisfaction,relationship_satisfaction,work_life_balance
1,Yes,41,6,Yes,1,2,4,1,1
2,No,49,10,No,8,3,2,4,3
4,Yes,37,0,Yes,2,4,3,2,3
5,No,33,8,Yes,3,4,3,3,3
7,No,27,2,No,2,1,2,4,3
8,No,32,7,No,2,4,4,3,2
10,No,59,1,Yes,3,3,1,1,2
11,No,30,1,No,24,4,3,2,3
12,No,38,9,No,23,4,3,2,3
13,No,36,7,No,27,3,3,2,2
14,No,35,5,No,16,1,2,3,3
15,No,29,9,Yes,15,4,3,4,3
16,No,31,5,No,26,1,3,4,2
18,No,34,2,No,19,2,4,3,3
19,Yes,28,4,Yes,24,3,3,2,3
20,No,29,10,No,21,2,1,3,3
21,No,32,6,Yes,5,1,2,4,2
22,No,22,1,Yes,16,4,4,2,2
23,No,53,25,No,2,1,4,3,3
24,No,38,3,Yes,2,4,4,3,3
26,No,24,4,No,11,1,3,4,2
27,Yes,36,5,No,9,3,1,2,3
28,No,34,12,No,7,1,2,3,3
30,No,21,0,No,15,3,4,4,3
31,Yes,34,4,No,6,2,1,3,3
32,No,53,14,No,5,3,3,4,2
33,Yes,32,10,Yes,16,2,1,2,3
35,No,42,9,No,8,3,2,4,3
36,No,44,22,No,7,1,4,4,3
38,No,46,2,No,2,2,1,4,2
39,No,33,1,No,2,3,4,4,3
40,No,44,4,Yes,10,4,4,4,4
41,No,30,10,No,9,4,3,1,3
42,Yes,39,1,No,5,4,4,3,4
45,Yes,24,2,Yes,1,2,4,1,2
46,No,43,5,No,2,4,3,4,2
47,Yes,50,3,Yes,3,1,3,3,3
49,No,35,2,No,2,4,4,1,3
51,No,36,1,Yes,5,2,1,4,4
52,No,33,5,No,1,3,1,1,3
53,No,35,1,No,4,3,4,3,3
54,No,27,1,No,2,4,1,4,3
55,Yes,26,1,No,25,1,3,3,2
56,No,27,9,No,8,4,3,4,3
57,No,30,12,No,1,3,4,4,3
58,Yes,41,22,No,12,2,3,4,3
60,No,34,9,No,23,2,3,3,3
61,No,37,1,No,19,2,2,1,3
62,No,46,9,Yes,5,1,4,3,3
63,No,35,1,No,8,4,4,4,3
64,Yes,48,1,Yes,1,1,3,4,3
65,Yes,28,2,Yes,5,3,3,3,2
68,No,44,4,Yes,1,2,1,3,2
70,No,35,4,Yes,11,3,1,3,3
72,No,26,2,Yes,23,3,4,3,2
73,No,33,15,Yes,1,1,4,3,3
74,No,35,9,No,18,2,1,4,2
75,No,35,2,Yes,23,3,1,3,3
76,No,31,7,No,7,4,4,4,2
77,No,37,7,No,1,1,3,3,4
78,No,32,9,Yes,1,1,4,2,3
79,No,38,10,No,29,4,4,4,3
80,No,50,27,Yes,7,2,3,4,2
81,No,59,21,No,25,1,1,4,2
83,No,36,17,No,8,3,3,2,3
84,No,55,5,Yes,8,4,3,3,3
85,No,36,6,No,11,2,2,3,3
86,No,45,1,No,7,2,1,3,3
88,No,35,3,No,1,2,1,4,2
90,Yes,36,1,Yes,9,4,3,1,2
91,No,59,4,No,1,1,3,4,2
94,No,29,5,No,2,3,2,4,3
95,No,31,1,No,1,3,2,2,3
96,No,32,10,No,1,2,2,2,3
97,No,36,1,No,6,2,4,2,3
98,No,31,11,No,8,3,4,4,3
100,No,35,15,No,1,3,1,2,3
101,No,45,0,Yes,6,4,1,2,4
102,No,37,5,No,7,1,3,1,4
103,No,46,4,Yes,5,2,2,4,3
104,No,30,10,Yes,1,4,4,3,2
105,No,35,6,No,1,2,3,1,3
106,No,55,1,No,1,1,4,4,3
107,No,38,13,Yes,6,2,4,4,3
110,No,34,5,No,1,1,2,3,3
112,No,56,6,No,7,4,4,1,2
113,No,23,0,No,2,3,1,3,3
116,No,51,4,No,9,4,4,2,3
117,No,30,11,No,2,3,4,1,3
118,Yes,46,9,No,9,3,4,4,3
119,No,40,22,No,1,3,2,4,2
120,No,51,10,Yes,21,3,4,4,1
121,No,30,11,Yes,4,3,2,2,2
124,No,46,10,Yes,1,3,1,3,2
125,No,32,11,No,6,2,3,1,3
126,No,54,4,No,2,1,3,1,1
128,No,24,3,No,3,1,3,1,2
129,No,28,5,No,4,2,3,2,4
131,No,58,37,No,10,4,3,3,2
132,No,44,3,No,23,2,2,3,4
133,Yes,37,3,Yes,6,3,1,4,3
134,No,32,1,No,1,4,1,4,3
137,Yes,20,1,Yes,6,4,4,2,3
138,No,34,16,No,6,1,3,3,3
139,No,37,1,No,2,3,4,4,4
140,No,59,3,No,2,3,4,4,3
141,No,50,8,Yes,1,1,2,1,2
142,Yes,25,6,Yes,5,3,3,4,3
143,No,25,2,No,7,4,4,3,3
144,No,22,0,No,15,2,4,3,3
145,No,51,13,No,1,1,1,3,2
147,Yes,34,9,Yes,7,1,3,4,3
148,No,54,5,Yes,26,4,4,3,3
150,No,24,5,No,18,2,3,3,3
151,No,34,1,No,6,3,2,3,3
152,No,37,5,No,3,3,4,1,3
153,No,34,11,No,5,3,1,4,3
154,No,36,9,No,11,2,4,3,3
155,No,36,1,No,3,1,4,1,3
158,No,43,25,Yes,26,3,4,4,4
159,No,30,10,No,23,1,3,3,2
160,No,33,7,No,22,3,2,1,4
161,Yes,56,5,Yes,14,2,2,1,3
162,No,51,20,No,6,1,3,3,3
163,Yes,31,7,Yes,6,2,3,2,2
164,No,26,5,No,6,3,2,3,2
165,Yes,58,40,No,23,4,4,4,2
167,Yes,19,0,Yes,22,4,3,4,2
169,No,22,2,No,2,3,4,3,3
170,No,49,15,No,20,3,1,3,2
171,No,43,3,No,28,2,3,4,3
174,No,50,2,No,12,3,4,4,3
175,Yes,31,2,Yes,20,2,3,3,3
176,No,41,9,Yes,9,3,3,3,3
177,No,26,8,No,25,3,3,4,3
178,No,36,3,No,6,2,2,4,3
179,Yes,51,4,No,8,1,4,4,3
182,No,39,15,No,4,4,3,3,4
183,No,25,2,No,28,1,3,4,3
184,No,30,11,Yes,9,3,4,4,1
190,Yes,32,5,No,9,1,1,1,4
192,No,45,6,No,29,3,4,2,2
193,No,38,3,Yes,3,4,3,2,3
194,No,30,5,No,18,1,3,3,2
195,No,32,8,No,9,4,4,4,4
197,No,30,3,No,5,4,1,4,3
198,No,30,5,No,2,2,4,4,3
199,No,41,7,No,10,4,1,2,2
200,No,41,5,No,9,3,1,4,3
201,No,19,1,No,3,2,2,4,3
202,No,40,20,No,26,2,2,1,3
204,No,35,10,No,1,3,2,1,3
205,No,53,7,Yes,6,2,3,4,1
206,No,45,17,No,9,2,2,3,1
207,No,32,9,No,8,2,4,4,3
208,No,29,10,No,1,4,3,1,3
211,No,51,1,No,7,2,3,3,3
214,No,58,1,Yes,9,2,2,2,2
215,No,40,12,No,4,3,4,1,2
216,No,34,4,No,2,3,3,4,3
217,No,22,2,No,19,3,4,1,3
218,No,27,2,No,9,4,2,4,1
221,No,28,5,No,21,3,4,3,1
223,No,57,5,Yes,24,3,4,2,1
224,No,27,1,Yes,3,3,3,4,2
226,No,50,5,No,11,3,2,2,3
227,No,41,9,No,14,1,3,1,3
228,No,30,10,No,5,2,4,3,3
230,No,38,8,No,1,1,4,3,4
231,No,32,5,No,6,3,3,1,3
233,No,27,5,Yes,17,3,2,4,2
235,Yes,19,0,No,1,3,1,1,4
238,No,36,8,No,3,4,2,3,2
239,No,30,12,No,9,3,1,3,3
240,No,45,5,Yes,4,3,1,1,4
241,No,56,2,Yes,8,3,1,3,3
242,No,33,3,No,2,3,4,1,4
243,Yes,19,1,No,2,2,4,3,2
244,No,46,24,No,1,2,1,3,3
245,No,38,2,No,9,3,4,3,3
246,No,31,4,Yes,12,3,4,3,3
247,No,34,3,No,27,4,2,4,3
248,Yes,41,4,Yes,20,2,2,4,2
249,No,50,3,No,1,3,3,4,2
250,No,53,4,No,13,4,1,3,3
252,No,33,8,No,14,4,2,4,3
253,No,40,20,No,4,4,3,2,3
254,No,55,24,No,14,3,2,4,3
256,No,34,10,No,2,4,3,3,2
258,No,51,7,No,3,4,2,3,3
259,No,52,33,No,1,3,3,1,3
260,No,27,7,No,9,4,2,4,2
261,Yes,35,1,Yes,23,2,3,1,3
262,No,43,5,No,7,4,4,4,4
264,No,45,20,No,2,1,4,4,3
267,No,37,8,Yes,21,2,1,1,2
269,No,35,6,No,2,2,2,4,3
270,No,42,5,No,21,3,3,2,3
271,No,38,1,No,2,4,3,2,3
273,No,38,7,No,29,4,4,1,1
274,No,27,2,No,1,3,1,3,3
275,No,49,7,Yes,18,4,4,1,3
277,No,34,5,Yes,10,4,3,4,4
281,No,40,7,Yes,19,3,4,3,4
282,Yes,38,1,Yes,29,2,1,2,3
283,Yes,29,10,No,27,2,4,4,2
284,No,22,4,Yes,5,4,2,1,2
286,No,36,8,No,18,2,4,1,3
287,No,40,3,No,9,4,4,4,1
288,No,46,4,No,1,4,1,3,3
291,Yes,32,14,No,4,4,4,3,2
292,No,30,11,No,1,3,3,3,3
293,No,27,7,No,20,4,3,4,3
296,No,51,10,No,8,2,2,4,1
297,Yes,30,5,Yes,3,4,1,3,3
298,No,41,1,Yes,6,4,4,3,3
299,Yes,30,6,No,26,3,1,3,2
300,Yes,29,6,No,1,3,3,4,2
302,No,45,19,No,6,4,4,4,3
303,No,54,6,No,3,4,1,4,3
304,No,36,13,No,5,4,2,4,4
305,No,33,3,No,4,3,2,4,3
306,No,37,10,Yes,11,2,4,3,3
307,No,38,16,No,3,1,3,3,2
308,No,31,5,No,1,3,3,4,3
309,No,59,1,No,3,3,4,1,3
311,No,37,9,No,4,1,4,3,3
312,No,29,11,No,1,2,4,4,3
314,No,35,10,No,1,3,3,1,4
315,Yes,29,4,Yes,18,3,4,3,2
316,No,52,2,No,2,3,4,2,2
319,No,42,22,No,4,3,4,4,3
321,No,59,2,No,6,2,3,4,2
323,No,50,7,No,1,4,4,3,2
325,Yes,33,5,Yes,14,3,4,3,1
327,No,43,17,Yes,16,4,4,3,3
328,Yes,33,9,No,2,1,1,1,4
329,No,52,33,Yes,2,1,3,4,4
330,No,32,4,No,4,3,2,1,3
331,Yes,32,3,Yes,1,4,3,4,1
332,No,39,3,No,1,3,3,3,3
333,No,32,3,No,26,3,4,1,3
334,No,41,1,No,19,3,1,1,2
335,No,40,9,No,24,1,4,1,3
336,No,45,24,No,1,3,4,3,3
337,No,31,2,No,3,2,3,1,3
338,No,33,2,No,5,3,4,3,2
339,No,34,11,No,2,4,1,2,3
340,No,37,3,No,1,3,1,1,2
341,No,45,3,No,7,1,3,4,3
342,Yes,37,1,No,10,1,3,2,3
343,No,39,19,No,2,3,3,4,3
346,No,29,6,No,15,3,4,1,3
347,No,42,3,Yes,17,4,1,3,3
349,No,29,3,No,20,4,4,4,3
350,No,25,4,No,1,1,3,4,3
351,No,42,9,Yes,2,4,1,3,3
352,No,40,21,No,2,1,3,4,3
353,No,51,1,No,1,3,4,2,2
355,Yes,31,5,No,29,3,2,2,4
359,No,32,5,No,7,2,2,3,1
361,No,38,8,No,2,4,4,4,3
362,No,32,6,No,2,4,1,4,3
363,No,46,7,Yes,2,3,2,2,2
364,Yes,28,0,No,2,1,3,3,1
366,No,29,0,No,2,1,2,2,3
367,No,31,9,No,23,2,4,2,3
369,No,25,6,No,5,2,1,4,3
372,No,45,20,Yes,20,3,4,2,3
373,No,36,15,No,6,4,4,3,3
374,No,55,36,Yes,1,4,1,3,3
376,Yes,47,10,Yes,29,1,2,4,2
377,No,28,5,No,9,4,4,4,2
378,No,37,5,No,6,3,4,2,4
379,No,21,3,No,3,4,3,1,4
380,No,37,5,Yes,1,1,4,1,3
381,No,35,7,No,22,2,2,2,2
382,No,38,8,Yes,7,1,1,3,3
384,No,26,6,No,1,3,2,1,1
385,No,50,10,No,4,1,2,1,2
386,No,53,5,Yes,3,3,3,4,2
387,No,42,20,No,1,2,3,3,3
388,No,29,10,No,2,2,4,1,2
389,No,55,10,Yes,20,2,4,4,3
390,No,26,5,Yes,11,1,1,3,3
391,No,37,17,No,1,4,4,2,3
392,Yes,44,1,Yes,24,4,3,4,1
393,No,38,2,No,23,4,4,2,3
394,Yes,26,3,Yes,16,1,2,4,3
395,No,28,5,No,8,4,4,4,3
396,No,49,3,Yes,10,3,1,4,3
397,No,36,8,No,3,3,2,4,3
399,No,31,2,No,5,4,2,3,2
401,Yes,26,8,Yes,4,4,4,2,3
403,No,37,4,Yes,9,2,4,3,2
404,No,42,20,No,26,3,2,4,4
405,Yes,18,0,No,3,3,3,3,3
406,No,35,11,No,16,3,2,3,2
407,No,36,1,No,18,3,4,4,3
408,No,51,4,No,2,4,2,4,3
410,No,41,22,No,2,4,2,2,3
411,No,18,0,No,10,4,3,1,3
412,No,28,8,No,16,2,1,3,3
416,No,31,8,No,7,2,4,2,2
417,No,39,18,No,1,3,4,1,2
419,No,36,9,No,24,2,2,3,3
420,No,32,13,No,7,4,3,3,2
421,No,38,10,No,25,1,2,3,3
422,No,58,5,Yes,1,4,3,4,3
423,No,31,5,Yes,5,3,4,3,3
424,No,31,2,No,2,1,1,4,3
425,No,45,24,No,7,1,1,1,3
426,No,31,2,Yes,2,3,4,2,1
428,No,33,10,No,5,4,2,2,3
429,No,39,21,Yes,10,3,1,4,3
430,No,43,8,No,10,3,4,1,3
431,No,49,7,Yes,1,3,3,4,3
433,Yes,52,8,No,8,3,2,1,2
434,No,27,4,Yes,5,3,2,2,2
436,No,32,13,Yes,8,3,2,4,3
437,No,27,5,Yes,2,4,3,1,3
438,No,31,7,No,7,4,4,4,3
439,No,32,7,No,2,1,4,3,2
440,Yes,28,3,Yes,2,1,4,4,2
441,No,30,10,No,28,4,4,4,3
442,No,31,10,No,7,3,3,1,3
444,No,39,21,No,7,3,4,1,3
445,Yes,39,1,Yes,3,4,3,1,2
446,No,33,7,No,10,2,4,3,2
447,No,47,3,No,5,4,3,2,3
448,No,43,9,No,10,3,3,2,4
449,No,27,5,Yes,1,3,2,4,3
450,No,54,4,No,20,4,3,4,2
451,No,43,1,No,7,3,1,1,2
452,No,45,10,No,8,4,4,1,3
453,No,40,4,Yes,1,2,4,3,2
454,Yes,29,7,Yes,8,2,1,4,2
455,No,29,3,No,9,2,4,3,3
456,No,30,10,No,5,4,3,3,3
458,No,27,8,No,8,2,2,1,3
460,No,37,6,No,5,4,4,3,2
461,No,38,11,Yes,15,3,4,2,3
462,No,31,11,Yes,7,3,4,3,2
463,No,29,7,Yes,10,4,2,1,3
464,No,35,16,No,5,3,2,4,3
465,No,23,4,No,26,3,4,3,2
466,No,41,5,Yes,6,4,2,4,3
467,No,47,0,No,4,2,3,1,3
468,No,42,1,No,23,1,4,2,3
469,No,29,4,No,2,4,3,1,2
470,No,42,3,Yes,2,3,3,3,3
471,No,32,8,No,2,3,2,3,3
473,No,48,0,No,29,1,3,2,1
474,No,37,7,Yes,6,3,1,1,3
475,No,30,2,Yes,25,4,3,2,4
476,No,26,8,No,1,3,3,2,3
477,No,42,1,No,2,1,4,2,3
478,Yes,21,3,Yes,1,1,2,3,3
479,No,36,1,No,1,4,4,2,3
481,No,36,13,No,3,1,4,1,3
482,No,57,3,No,1,4,3,3,3
483,No,40,7,Yes,10,4,3,3,3
484,No,21,3,No,9,1,4,3,2
485,Yes,33,1,Yes,5,4,3,2,3
486,No,37,5,No,10,3,1,2,3
487,No,46,1,No,7,3,3,3,4
488,Yes,41,8,No,4,1,2,3,3
491,No,50,4,No,10,4,4,4,3
492,Yes,40,6,Yes,22,3,3,1,3
493,No,31,2,Yes,9,3,2,4,3
494,Yes,21,1,No,12,3,2,4,3
495,No,29,3,No,23,4,4,4,3
496,No,35,1,No,9,3,2,3,3
497,No,27,5,No,1,4,2,2,3
498,No,28,7,No,9,2,4,4,3
499,No,49,5,No,7,2,3,3,3
500,No,51,7,No,14,3,4,3,2
501,No,36,2,No,2,4,3,2,3
502,Yes,34,5,Yes,19,1,4,2,2
505,No,55,5,Yes,2,3,4,3,3
507,No,24,5,Yes,10,4,3,4,4
508,No,30,1,No,2,3,2,1,3
510,Yes,26,6,No,3,3,1,3,3
511,No,22,2,No,11,1,2,4,3
513,No,36,10,No,2,2,3,2,3
514,Yes,30,1,Yes,4,3,4,3,3
515,No,37,18,No,14,4,1,3,2
516,No,40,5,No,2,4,2,3,3
517,No,42,5,No,1,2,1,2,3
518,No,37,1,Yes,10,3,2,4,2
520,No,43,25,No,12,1,2,3,3
521,No,40,1,No,2,2,3,2,3
522,No,54,4,No,5,1,1,3,2
523,No,34,3,No,4,3,3,1,3
524,No,31,13,No,7,2,1,2,1
525,No,43,3,No,21,4,4,1,3
526,No,43,5,Yes,8,3,3,4,3
527,No,25,5,Yes,4,2,4,2,3
529,No,37,13,Yes,25,2,3,1,3
530,No,31,4,No,1,4,1,3,3
531,No,39,21,Yes,1,2,3,3,3
532,No,56,7,No,6,3,1,4,2
533,No,30,5,No,12,2,3,2,3
534,No,41,10,No,1,2,1,3,3
536,No,28,10,No,17,3,1,4,3
538,Yes,25,2,No,3,1,1,3,3
543,No,52,5,Yes,3,4,3,3,3
544,No,45,2,No,10,1,4,4,2
546,No,52,5,No,4,4,4,4,1
547,No,42,5,No,29,1,3,2,3
548,No,30,5,No,2,3,4,3,3
549,No,60,29,No,7,1,1,4,1
550,No,46,10,No,18,3,3,3,2
551,No,42,6,No,28,4,4,4,4
554,Yes,24,5,Yes,1,1,2,2,3
555,Yes,34,2,No,6,4,3,4,2
556,No,38,1,Yes,2,4,4,3,3
558,No,40,20,No,2,3,3,4,3
560,No,26,3,No,23,1,4,2,1
562,No,30,5,No,3,3,4,3,1
564,No,29,10,No,3,2,3,3,3
565,Yes,29,2,No,25,3,2,2,4
566,Yes,19,1,No,2,1,4,3,4
567,No,30,9,No,22,3,1,3,3
568,No,57,1,No,29,1,4,3,2
569,No,50,27,No,29,2,3,2,3
571,No,30,11,No,2,3,4,3,2
573,No,60,18,No,28,3,1,4,4
574,No,47,5,No,2,1,4,3,3
575,No,46,3,No,2,1,3,3,1
577,No,35,5,No,22,4,3,3,3
578,No,54,1,No,8,3,3,3,3
579,No,34,7,No,2,4,3,3,3
580,No,46,3,Yes,10,3,4,3,3
581,No,31,13,No,9,3,2,4,4
582,Yes,33,7,Yes,15,2,3,4,4
584,Yes,33,4,No,10,1,4,1,3
585,No,30,3,No,7,4,2,1,3
586,No,35,8,Yes,16,4,3,3,3
587,Yes,31,1,No,20,1,3,1,3
590,Yes,34,3,Yes,23,2,1,3,3
591,No,42,2,No,5,2,3,4,3
592,No,36,10,No,10,2,4,4,2
593,Yes,22,2,No,4,3,3,3,3
595,No,48,9,No,2,2,4,1,3
597,No,55,10,No,18,1,2,4,3
599,No,41,14,No,10,4,4,4,3
600,No,35,11,No,1,2,3,3,3
601,No,40,20,No,6,2,3,3,3
602,No,39,8,No,8,3,3,1,3
604,No,31,6,Yes,2,2,4,3,4
605,No,42,10,Yes,24,4,1,4,2
606,No,45,8,No,2,4,2,2,4
608,Yes,26,7,Yes,17,2,3,2,2
611,No,29,3,No,19,4,4,2,4
612,No,33,6,No,1,1,3,3,3
613,No,31,5,No,7,3,4,3,2
614,Yes,18,0,Yes,5,2,2,4,3
615,No,40,1,No,28,3,1,3,3
616,No,41,8,Yes,2,1,3,1,3
618,No,26,0,No,29,1,3,1,3
620,No,35,5,No,1,1,3,4,3
621,No,34,10,No,21,4,4,4,3
622,Yes,26,1,Yes,24,3,4,2,1
623,No,37,6,No,1,2,4,4,4
624,No,46,2,No,18,1,3,4,2
625,No,41,18,No,2,2,1,2,3
626,No,37,9,No,9,1,2,4,3
630,No,52,10,Yes,6,4,1,2,3
631,Yes,32,4,No,11,4,3,4,3
632,No,24,2,No,24,4,4,3,3
634,No,38,1,No,10,3,3,3,3
635,No,37,6,No,1,2,2,2,2
638,No,49,31,Yes,18,4,3,3,3
639,No,24,6,Yes,23,2,4,2,3
641,No,26,5,No,28,1,2,4,4
643,No,24,1,No,17,4,2,4,3
644,No,50,32,No,3,1,2,3,3
645,No,25,7,No,13,2,3,3,3
647,Yes,24,6,Yes,7,1,3,4,3
648,Yes,30,1,No,12,2,1,3,4
649,No,34,6,Yes,1,2,4,4,3
650,Yes,31,3,No,13,2,1,3,1
652,No,35,3,No,25,1,4,4,3
653,No,31,7,No,6,1,4,4,4
655,No,27,5,No,6,1,3,3,2
656,No,37,3,Yes,2,4,3,3,2
657,No,20,1,No,1,4,2,4,4
659,No,42,10,No,2,3,4,2,3
661,No,43,1,Yes,6,2,4,3,2
662,No,38,0,No,1,3,1,4,2
663,No,43,8,Yes,9,4,3,2,3
664,No,48,3,No,1,4,1,1,1
665,No,44,2,No,1,1,3,2,4
666,No,34,8,Yes,14,3,3,4,3
667,Yes,27,4,No,2,3,1,2,3
669,No,21,3,No,22,3,3,3,3
671,No,44,2,Yes,3,4,4,1,4
675,No,22,2,No,6,1,3,4,3
677,No,33,5,No,8,3,3,4,3
679,No,32,6,Yes,9,1,4,4,2
680,No,30,1,No,3,3,3,3,3
682,No,53,14,No,1,4,1,4,4
683,No,34,10,No,1,2,4,4,2
684,Yes,45,1,No,26,1,1,4,3
686,No,26,3,Yes,6,3,4,3,3
689,No,37,10,No,3,3,3,3,3
690,No,29,6,No,3,2,3,1,2
691,No,35,17,No,6,2,4,2,3
692,No,33,13,No,6,3,4,3,1
698,No,54,9,No,19,3,2,3,4
699,No,36,3,Yes,9,2,2,3,3
700,No,27,4,No,3,1,4,4,3
701,Yes,20,1,Yes,10,4,3,4,3
702,Yes,33,10,Yes,3,1,1,1,3
704,No,35,1,No,3,3,3,3,3
705,No,23,3,No,4,1,1,1,4
707,No,25,3,No,8,4,2,3,3
709,No,38,7,No,7,4,4,1,3
710,No,29,10,No,1,2,4,4,3
712,No,48,2,No,2,2,2,4,3
714,No,27,6,Yes,3,4,4,2,3
715,No,37,1,No,10,4,4,1,3
716,No,50,20,Yes,28,4,3,3,3
717,No,34,8,No,9,4,2,2,4
720,Yes,24,2,No,3,1,3,1,3
721,No,39,20,No,2,4,3,1,3
722,No,32,10,No,10,4,4,4,2
723,Yes,50,4,Yes,8,2,3,1,3
724,No,38,9,No,1,2,4,3,2
725,No,27,9,No,1,3,1,4,3
727,No,32,7,No,3,3,4,4,3
728,No,47,7,No,14,4,1,4,3
729,No,40,18,Yes,5,4,1,3,3
730,No,53,5,No,7,3,3,3,3
731,No,41,21,No,10,2,4,2,2
732,No,60,2,No,16,1,1,4,3
733,No,27,9,No,10,4,1,3,2
734,No,41,22,No,1,4,3,2,3
738,No,50,2,No,8,4,2,4,3
741,Yes,28,7,Yes,1,1,2,4,3
742,No,36,8,No,8,1,1,1,3
743,No,38,1,Yes,1,3,3,4,4
744,No,44,5,No,24,1,3,3,3
746,No,47,22,Yes,3,4,3,4,2
747,No,30,8,No,27,3,4,4,2
749,No,29,1,No,10,3,3,3,3
752,Yes,42,2,Yes,19,3,3,4,3
754,No,43,2,No,15,4,4,3,3
757,No,34,5,No,8,2,3,4,3
758,No,23,4,No,9,2,1,4,4
760,No,39,8,No,3,3,2,3,1
762,No,56,10,No,9,3,4,3,2
763,No,40,4,Yes,2,4,4,4,2
764,No,27,7,No,7,4,1,1,1
766,No,29,2,No,10,4,2,4,3
769,No,53,2,No,6,4,4,4,3
771,No,35,1,No,2,4,1,1,4
772,No,32,10,No,24,1,4,4,3
773,No,38,1,Yes,2,4,3,2,1
775,No,34,0,No,8,2,1,3,3
776,No,52,34,No,3,3,1,1,4
780,Yes,33,10,Yes,1,4,4,3,2
781,No,25,6,No,26,3,4,2,2
783,No,45,8,No,2,2,3,1,3
784,No,23,2,No,10,1,3,4,3
785,Yes,47,5,Yes,27,2,3,4,3
786,No,34,6,No,2,4,4,3,3
787,Yes,55,5,Yes,2,4,1,4,3
789,No,36,10,No,8,1,1,2,3
791,No,52,4,No,19,4,4,1,3
792,No,26,2,No,1,1,4,1,3
793,No,29,8,No,27,2,3,1,2
796,Yes,26,4,No,8,4,1,3,2
797,No,34,4,No,1,2,4,3,3
799,No,54,5,Yes,19,4,1,2,3
800,No,27,4,No,8,3,4,2,3
802,No,37,5,Yes,10,4,1,2,2
803,No,38,15,Yes,2,1,1,4,3
804,No,34,6,No,2,3,1,3,3
805,No,35,3,No,8,1,4,2,2
806,No,30,2,No,1,4,3,3,3
807,No,40,8,No,2,3,2,4,3
808,No,34,3,No,8,3,1,2,3
809,No,42,24,No,8,2,4,2,2
811,Yes,23,0,Yes,6,3,1,3,3
812,No,24,1,No,9,3,2,3,3
813,No,52,5,No,11,4,3,2,3
815,No,50,4,No,2,3,3,4,3
816,Yes,29,1,Yes,1,2,1,4,3
817,No,33,13,No,7,3,3,4,4
819,Yes,33,3,No,16,1,1,3,3
820,No,47,26,Yes,2,3,4,3,2
823,No,36,9,No,1,3,2,1,3
824,No,29,10,No,23,3,3,3,3
825,Yes,58,31,Yes,2,4,2,4,3
826,No,35,2,No,1,4,3,3,3
827,No,42,4,Yes,1,4,4,4,3
828,Yes,28,2,No,2,3,3,4,2
829,No,36,5,No,13,3,2,2,3
830,No,32,14,No,4,3,3,3,3
832,No,40,1,No,16,1,3,4,3
833,No,30,0,Yes,2,3,4,2,2
834,No,45,1,No,2,2,3,4,3
836,No,42,9,No,29,2,2,4,2
837,No,38,4,No,12,1,1,3,2
838,No,34,5,No,16,3,4,3,3
840,Yes,49,9,No,11,3,4,1,4
842,Yes,55,9,No,2,3,4,3,2
843,No,43,4,No,14,2,1,3,3
844,No,27,9,Yes,5,3,4,2,3
845,No,35,8,No,7,3,3,2,4
846,No,28,8,Yes,2,2,2,1,3
847,No,34,3,No,3,3,4,3,1
848,Yes,26,8,Yes,5,3,3,1,3
850,No,27,0,No,3,4,4,3,2
851,No,51,20,No,26,1,3,3,2
852,No,44,5,No,4,4,2,4,2
854,No,25,4,No,2,1,1,3,2
855,No,33,9,No,1,1,1,1,3
856,No,35,6,No,27,3,1,4,2
857,No,36,18,Yes,1,2,4,4,2
859,No,32,5,No,13,2,4,3,2
861,No,30,5,No,5,2,4,2,2
862,No,53,5,Yes,7,1,4,4,3
864,No,45,5,Yes,9,4,1,3,3
865,No,32,5,No,8,3,3,3,2
867,No,52,9,No,25,3,4,3,3
868,No,37,1,No,16,4,3,4,3
869,No,28,5,No,8,2,4,4,3
872,No,22,2,No,1,4,4,1,1
874,No,44,3,Yes,8,1,4,3,2
875,No,42,2,Yes,2,2,4,4,3
878,No,36,5,No,8,1,1,3,3
879,No,25,5,Yes,3,3,1,4,3
880,No,35,17,Yes,9,4,3,2,3
881,Yes,35,10,Yes,25,4,2,1,2
882,No,32,3,No,1,4,4,2,3
885,No,25,5,No,4,3,1,1,4
887,No,49,4,No,1,3,1,2,3
888,No,24,5,No,4,1,4,4,2
889,No,32,10,No,5,2,2,4,3
893,No,38,2,No,9,2,2,4,3
894,No,42,5,Yes,3,3,4,2,2
895,No,31,6,Yes,11,4,4,2,3
896,Yes,29,3,Yes,1,2,3,3,3
897,No,53,2,No,8,1,4,3,3
899,No,35,13,No,25,4,2,1,3
900,No,37,5,No,21,3,4,2,3
901,No,53,12,No,23,4,4,3,3
902,No,43,5,No,1,4,4,2,2
903,No,47,7,Yes,2,3,4,1,3
904,No,37,10,Yes,19,1,2,4,3
905,No,50,31,No,2,1,1,4,3
909,No,39,5,No,2,4,4,3,3
910,No,33,4,Yes,3,4,2,3,4
911,Yes,32,1,Yes,25,1,4,3,1
912,No,29,4,No,7,1,4,3,3
913,No,44,8,Yes,9,2,1,4,3
916,No,28,4,No,5,1,4,2,3
918,Yes,58,1,Yes,2,4,4,4,2
920,No,43,1,No,8,1,2,3,4
922,Yes,20,2,No,2,3,3,4,2
923,Yes,21,1,No,18,4,4,1,2
924,No,36,16,Yes,14,3,4,1,2
925,No,47,3,Yes,2,4,4,1,2
926,Yes,22,3,Yes,3,2,3,1,4
927,Yes,41,7,Yes,2,2,4,3,2
930,No,28,2,No,9,3,3,2,3
932,Yes,39,2,Yes,6,4,1,4,1
933,No,27,1,No,4,2,3,3,3
934,No,34,1,No,10,2,2,2,3
936,No,42,5,No,14,3,3,1,3
939,No,33,3,Yes,1,3,1,2,3
940,No,58,6,Yes,5,3,2,4,3
941,No,31,7,No,7,2,3,2,4
942,No,35,10,Yes,21,4,4,4,1
944,No,49,26,No,8,1,2,3,2
945,No,48,0,No,20,4,3,1,2
947,No,31,9,No,20,4,3,4,2
949,No,36,6,No,7,2,4,3,3
950,No,38,15,No,1,4,1,2,3
951,No,32,3,No,1,3,2,3,3
952,Yes,25,1,Yes,19,3,2,3,3
954,No,40,1,No,10,1,2,2,2
956,No,26,7,No,1,3,1,2,3
957,No,41,18,Yes,6,4,1,3,3
958,No,36,11,No,2,3,3,3,3
959,Yes,19,1,Yes,21,4,2,2,4
960,Yes,20,1,No,4,1,1,2,3
961,No,31,9,Yes,12,4,4,3,1
964,No,40,1,Yes,9,4,2,4,3
966,No,32,8,No,3,3,1,3,4
967,Yes,36,16,Yes,3,3,4,1,3
969,No,33,5,No,1,2,4,1,3
970,Yes,37,14,No,1,1,3,3,1
972,No,45,9,No,4,3,2,2,2
974,No,29,3,No,20,3,4,2,3
975,No,35,5,No,18,3,3,2,3
976,No,52,9,No,1,4,4,2,2
977,Yes,58,1,No,2,4,3,1,3
981,No,53,17,No,2,3,3,3,4
982,No,30,8,No,8,3,3,1,4
983,No,38,5,Yes,10,3,4,2,3
984,No,35,10,No,3,4,4,2,3
985,No,39,8,No,2,1,3,4,3
986,Yes,40,1,Yes,24,2,2,4,2
987,No,47,19,Yes,16,3,3,3,4
990,No,36,7,No,8,1,4,4,3
991,Yes,31,3,Yes,9,3,1,1,3
992,No,33,10,No,17,4,3,4,3
994,Yes,29,0,Yes,10,4,1,3,3
995,No,33,3,No,13,2,4,1,3
996,No,45,5,No,1,4,4,4,3
997,No,50,5,No,1,4,4,3,2
998,No,33,6,Yes,1,3,2,1,3
999,No,41,18,No,9,1,3,2,4
1001,No,27,2,No,16,3,2,2,3
1002,No,45,9,Yes,23,4,1,3,3
1003,No,47,9,Yes,4,4,4,3,3
1004,Yes,30,5,Yes,22,1,3,2,3
1005,No,50,12,Yes,24,4,3,4,3
1006,No,38,2,No,10,3,3,2,2
1007,No,46,8,No,7,4,3,2,3
1009,No,24,4,No,17,4,3,2,3
1010,Yes,35,4,Yes,14,3,2,4,1
1011,No,31,4,No,1,3,1,3,3
1012,No,18,0,No,5,2,4,4,3
1013,No,54,10,No,17,3,3,3,3
1014,No,35,16,Yes,25,3,3,3,2
1015,No,30,8,Yes,8,2,1,3,2
1016,Yes,20,1,Yes,11,4,1,1,3
1017,Yes,30,3,No,5,2,2,1,3
1018,No,26,8,No,2,4,4,2,3
1019,No,22,4,No,8,2,1,1,2
1022,No,48,2,No,6,1,3,4,3
1024,No,48,15,No,4,3,3,2,3
1025,No,41,2,No,7,4,3,2,3
1026,No,39,21,No,1,4,4,3,3
1027,No,27,3,No,2,1,4,2,3
1028,No,35,3,No,10,2,4,1,2
1029,No,42,1,No,5,4,3,2,4
1030,No,50,1,No,9,1,4,2,3
1032,No,59,5,Yes,2,3,4,1,3
1033,Yes,37,1,No,11,1,2,1,1
1034,No,55,8,Yes,18,3,2,4,3
1035,No,41,21,No,7,2,3,2,3
1036,No,38,1,Yes,3,2,4,3,3
1037,Yes,26,2,No,29,2,1,4,3
1038,Yes,52,32,No,2,1,4,4,3
1039,No,44,12,Yes,28,4,4,3,3
1040,No,50,18,No,1,4,3,1,3
1042,Yes,36,17,No,16,3,1,3,3
1043,No,39,21,Yes,22,4,1,3,3
1044,No,33,2,No,8,2,4,4,2
1045,No,45,9,No,11,4,4,2,4
1046,No,32,8,No,29,4,3,2,3
1047,No,34,15,No,1,2,4,4,2
1048,No,59,6,Yes,1,2,4,3,1
1049,No,45,6,No,24,2,2,1,3
1050,No,53,15,No,2,3,2,1,3
1052,Yes,36,1,No,15,1,3,2,2
1053,Yes,26,3,Yes,2,1,1,2,3
1055,No,34,1,Yes,10,3,3,4,3
1056,No,28,1,No,10,4,2,2,3
1060,No,38,2,No,3,3,3,1,3
1061,No,50,8,Yes,2,2,3,4,2
1062,No,37,4,No,3,4,2,1,2
1066,No,40,7,No,26,3,1,2,2
1068,No,26,5,No,1,1,3,3,3
1069,No,46,2,No,1,4,4,4,3
1070,No,54,9,No,2,3,3,2,3
1071,No,56,5,No,9,1,3,2,3
1073,No,36,14,No,12,4,4,2,2
1074,No,55,9,No,2,3,1,2,4
1076,No,43,1,No,25,3,4,3,3
1077,Yes,20,2,Yes,9,4,4,2,3
1079,Yes,21,1,No,10,3,1,1,2
1080,No,46,16,Yes,8,4,1,1,3
1081,Yes,51,10,Yes,4,1,3,3,4
1082,Yes,28,10,No,24,2,1,1,2
1083,No,26,5,No,1,1,1,1,3
1084,No,30,6,No,20,3,1,3,2
1085,No,41,10,No,7,2,3,3,3
1088,No,38,19,No,17,3,3,1,2
1092,No,40,11,No,20,1,4,4,3
1094,No,27,3,No,8,1,3,4,3
1096,No,55,3,No,2,4,2,2,3
1097,No,28,8,No,10,3,3,4,4
1098,Yes,44,20,No,1,2,1,4,3
1099,No,33,3,No,5,4,4,3,3
1100,Yes,35,8,Yes,4,4,1,1,3
1101,Yes,33,13,No,29,1,3,2,3
1102,No,28,4,No,15,1,3,4,2
1103,No,34,6,No,3,1,4,3,2
1105,No,37,1,Yes,10,4,4,3,3
1106,Yes,25,7,Yes,4,4,4,2,4
1107,Yes,26,1,No,21,1,3,3,2
1108,Yes,33,2,Yes,25,1,2,2,3
1109,No,42,22,No,2,4,1,4,3
1111,Yes,28,1,No,1,1,2,1,3
1113,Yes,50,0,Yes,1,4,3,4,3
1114,No,33,3,No,7,4,2,3,3
1115,No,34,0,No,3,3,4,4,3
1116,No,48,5,No,1,1,4,3,2
1117,No,45,15,No,9,2,3,4,3
1118,No,52,8,No,7,2,2,4,3
1119,No,38,8,Yes,10,3,3,2,3
1120,No,29,7,No,28,3,4,1,3
1121,No,28,9,No,3,4,2,2,2
1124,No,46,12,No,3,1,3,4,3
1125,No,38,1,No,2,4,2,3,3
1126,No,43,8,No,27,3,1,3,3
1127,Yes,39,18,No,2,1,4,4,3
1128,No,40,20,No,14,3,3,1,4
1131,No,21,2,Yes,1,4,2,3,4
1132,No,39,5,No,9,3,2,3,2
1133,No,36,11,No,18,1,4,1,3
1135,No,31,2,No,20,3,4,1,3
1136,No,28,5,No,2,1,2,1,1
1137,No,35,5,No,11,4,4,4,3
1138,No,49,9,No,8,4,2,2,3
1140,No,34,3,No,2,4,3,4,2
1143,No,29,7,No,10,4,2,4,2
1148,No,42,1,No,29,2,4,1,3
1150,No,29,10,Yes,8,2,4,3,2
1152,No,38,7,No,1,3,3,4,4
1154,No,28,3,Yes,6,3,3,4,3
1156,Yes,18,0,No,8,3,3,4,3
1157,Yes,33,5,Yes,9,1,1,1,3
1158,No,41,1,Yes,12,2,4,1,3
1160,Yes,31,2,No,15,3,3,3,2
1161,No,37,6,No,25,3,4,3,3
1162,No,27,4,No,6,4,3,3,3
1163,No,34,6,No,9,2,3,1,2
1164,No,35,5,No,8,3,3,2,1
1165,Yes,29,11,No,23,4,1,1,1
1166,No,40,18,No,9,2,3,3,2
1167,Yes,42,21,Yes,12,3,1,2,2
1171,No,42,6,No,4,2,1,4,4
1172,No,35,8,No,1,4,3,2,3
1173,No,24,4,No,24,4,2,4,3
1175,Yes,28,1,Yes,12,3,4,4,2
1177,No,26,8,No,3,1,4,2,3
1179,No,30,10,No,10,3,3,1,3
1180,No,40,1,Yes,26,3,4,4,1
1182,No,35,7,No,2,3,2,2,4
1184,No,34,13,No,1,4,1,3,3
1185,No,35,2,No,4,4,4,2,4
1188,Yes,43,4,No,9,1,3,2,2
1190,No,32,1,No,2,3,1,3,3
1191,No,56,5,No,4,4,1,4,3
1192,No,29,10,No,6,2,4,1,3
1193,No,19,1,No,9,3,1,3,3
1195,No,45,3,Yes,7,1,3,3,2
1196,No,37,14,No,1,4,4,2,2
1198,No,20,2,No,3,1,3,1,2
1200,Yes,44,6,Yes,10,3,3,3,3
1201,No,53,7,No,7,4,3,2,3
1202,No,29,5,Yes,15,2,4,1,2
1203,Yes,22,0,Yes,3,3,4,2,3
1204,No,46,26,No,2,3,1,1,3
1206,No,44,0,No,17,4,3,4,3
1207,No,33,5,No,2,2,3,4,3
1210,Yes,41,1,No,5,1,1,1,1
1211,No,30,4,No,29,3,1,3,3
1212,No,40,0,No,2,2,2,4,3
1215,No,50,2,No,2,4,1,3,3
1216,No,28,6,No,19,4,1,3,3
1217,No,46,4,No,15,4,2,1,3
1218,No,35,7,Yes,17,3,1,4,3
1219,Yes,24,1,No,17,4,2,1,1
1220,No,33,10,No,25,2,3,1,2
1221,No,36,7,No,6,3,3,3,3
1224,No,30,10,No,7,3,3,1,2
1225,No,44,20,No,29,4,4,2,3
1226,No,20,2,No,21,3,4,4,3
1228,No,46,6,No,2,4,4,3,2
1231,No,42,4,No,2,4,1,1,4
1233,No,60,11,Yes,7,2,4,2,3
1234,No,32,2,No,13,3,2,3,3
1235,No,32,8,Yes,2,4,3,4,3
1237,No,36,7,Yes,1,3,1,3,3
1238,No,33,14,No,9,1,4,2,3
1239,No,40,5,No,10,2,2,2,4
1240,No,25,4,No,10,3,4,2,3
1241,No,30,11,Yes,1,4,2,1,3
1242,No,42,1,Yes,26,1,1,3,3
1243,No,35,13,Yes,8,3,4,2,2
1244,No,27,9,Yes,14,1,1,4,2
1245,No,54,5,No,1,4,3,1,1
1246,No,44,10,No,2,1,4,4,3
1248,Yes,19,1,Yes,10,1,2,2,4
1249,No,29,3,No,1,1,4,1,3
1250,No,54,10,No,3,4,4,1,3
1251,No,31,6,Yes,11,3,1,4,2
1252,No,31,10,No,24,3,1,2,3
1254,No,59,6,No,3,3,4,4,3
1255,No,43,8,No,3,3,4,2,3
1256,No,49,1,No,4,1,3,3,4
1257,No,36,11,No,3,3,2,3,2
1258,No,48,1,No,2,4,2,3,2
1259,No,27,5,No,4,1,3,2,3
1260,No,29,6,Yes,7,3,4,2,3
1263,No,48,1,No,1,4,4,3,4
1264,No,29,7,No,1,4,4,2,2
1265,No,34,1,No,20,3,3,4,2
1267,No,44,22,No,5,2,2,3,3
1268,No,33,9,Yes,10,4,3,4,3
1269,No,19,1,Yes,25,2,4,4,3
1270,No,23,1,No,1,4,3,4,3
1273,Yes,25,1,Yes,24,3,4,4,3
1275,No,26,8,Yes,4,3,4,2,2
1277,Yes,45,24,Yes,2,1,2,1,3
1278,No,55,33,Yes,8,4,2,4,3
1279,Yes,21,2,No,10,1,3,3,1
1280,No,46,11,No,4,4,2,3,3
1281,No,34,3,Yes,2,3,1,4,3
1282,No,51,29,Yes,9,4,2,1,2
1283,No,59,9,No,18,4,4,4,2
1285,No,34,11,No,19,3,2,3,4
1286,No,28,4,Yes,1,4,3,3,2
1288,No,44,25,No,4,3,1,4,2
1289,No,34,10,No,11,3,2,4,4
1291,No,35,3,Yes,6,3,3,4,3
1292,No,42,1,Yes,7,2,2,4,3
1293,No,43,21,No,4,4,4,4,4
1294,No,36,16,Yes,2,3,2,4,3
1295,Yes,44,10,No,15,1,4,4,3
1296,No,28,2,Yes,2,4,4,2,3
1297,No,51,7,No,6,2,3,2,2
1298,No,30,8,Yes,9,3,3,3,3
1299,Yes,29,7,Yes,7,2,3,1,3
1301,No,28,3,No,1,4,1,2,2
1303,No,25,2,No,1,4,2,4,2
1304,No,32,10,No,8,3,4,3,4
1306,No,45,0,No,25,2,2,3,3
1307,No,39,19,Yes,13,3,2,4,3
1308,No,58,2,No,23,1,3,4,3
1309,Yes,32,10,No,7,4,3,1,3
1310,Yes,39,5,No,23,3,1,1,3
1311,No,30,9,No,6,1,4,1,3
1312,No,36,7,No,10,4,3,1,3
1314,No,46,7,No,1,4,1,3,4
1315,No,28,9,No,1,3,4,1,3
1317,No,50,3,Yes,28,4,1,2,3
1318,Yes,40,5,Yes,25,4,2,3,3
1319,Yes,52,8,Yes,5,2,2,3,2
1321,No,30,9,Yes,17,2,1,4,3
1322,No,39,8,No,18,1,3,1,3
1324,No,31,10,Yes,2,4,3,1,2
1329,No,41,19,No,10,3,2,1,3
1331,Yes,31,3,Yes,1,4,2,1,4
1333,Yes,44,3,No,3,1,1,3,4
1334,No,42,20,Yes,2,3,3,4,2
1336,No,55,19,No,2,4,3,4,3
1338,No,56,7,No,8,4,2,1,3
1340,No,40,4,No,16,3,3,2,3
1344,No,34,9,No,9,4,4,4,2
1346,No,40,9,No,2,3,4,3,3
1349,No,41,9,No,1,3,1,4,3
1350,No,35,9,Yes,4,3,3,2,3
1352,No,51,33,Yes,5,3,2,2,3
1355,No,38,7,No,2,2,1,4,3
1356,No,34,10,No,15,3,1,4,4
1358,No,25,3,No,19,4,4,3,2
1360,Yes,58,10,Yes,7,3,1,4,2
1361,No,40,4,No,1,2,2,3,3
1362,No,36,15,No,7,1,1,4,2
1363,No,48,10,No,4,4,4,3,3
1364,No,27,1,No,11,3,4,2,3
1367,No,51,5,No,11,4,2,2,2
1368,No,18,0,No,1,4,4,3,4
1369,No,35,9,No,1,4,4,2,3
1371,No,27,6,No,2,4,4,2,3
1372,Yes,55,19,Yes,13,1,3,3,2
1373,No,56,19,Yes,23,4,2,1,3
1374,No,34,5,No,26,1,3,3,3
1375,No,40,12,No,2,2,3,2,3
1377,No,34,8,No,29,2,3,1,3
1379,Yes,31,1,No,2,3,4,3,4
1380,Yes,35,4,Yes,18,4,3,3,2
1382,No,38,4,No,7,4,3,4,3
1383,No,34,14,No,2,3,4,4,4
1387,No,28,5,No,26,3,1,3,3
1389,Yes,31,10,Yes,22,4,3,4,2
1390,No,39,5,Yes,21,1,4,4,4
1391,No,51,4,No,2,2,2,2,3
1392,No,41,6,Yes,22,4,4,1,2
1394,No,37,6,Yes,4,3,3,4,3
1395,No,33,5,No,5,2,4,1,4
1396,No,32,3,Yes,2,3,2,1,2
1397,No,39,6,No,25,3,3,2,3
1399,No,25,3,No,18,1,3,2,2
1401,No,52,5,Yes,28,4,3,2,2
1402,No,43,20,Yes,6,1,3,1,1
1403,No,27,6,Yes,10,4,4,4,3
1405,Yes,27,8,Yes,17,4,3,4,3
1407,No,26,4,No,2,1,4,4,3
1408,No,42,20,No,10,3,1,3,3
1409,No,52,5,No,8,3,1,3,1
1411,No,37,3,No,11,1,3,1,3
1412,No,35,2,No,18,3,4,3,3
1415,No,25,3,No,1,1,4,2,2
1417,No,26,7,No,7,3,1,4,3
1419,No,29,10,No,17,2,1,1,2
1420,Yes,49,4,No,28,1,1,1,3
1421,Yes,29,8,Yes,14,3,4,1,3
1422,No,54,20,No,1,4,4,4,2
1423,No,58,9,Yes,1,4,1,3,3
1424,No,55,7,No,1,2,4,4,4
1425,No,36,5,Yes,3,1,2,4,3
1427,Yes,31,1,No,1,2,3,2,3
1428,No,30,3,No,7,4,1,2,3
1430,No,31,3,No,8,1,2,3,4
1431,No,34,4,No,1,4,1,3,3
1433,Yes,31,1,No,8,1,2,3,4
1434,No,27,5,No,11,2,1,2,4
1435,No,36,10,No,4,1,4,3,2
1436,No,36,3,No,16,3,1,1,2
1438,No,47,6,No,1,1,4,3,2
1439,Yes,25,3,No,9,1,1,1,3
1440,No,37,6,No,5,3,3,1,1
1441,No,56,3,No,1,1,1,4,4
1443,No,47,20,No,2,1,3,2,4
1445,No,24,5,Yes,4,4,3,3,3
1446,No,32,4,No,7,4,4,3,2
1447,No,34,5,No,1,4,2,1,2
1448,No,41,4,Yes,5,2,3,1,2
1449,No,40,8,No,9,3,3,3,4
1453,No,31,13,No,8,1,4,1,3
1457,Yes,46,7,No,9,1,4,1,4
1458,Yes,39,1,Yes,2,1,1,2,4
1459,Yes,31,10,No,1,3,2,1,3
1460,No,45,7,Yes,20,2,1,2,3
1461,No,31,3,No,8,4,2,4,3
1464,Yes,31,2,Yes,2,2,4,3,1
1465,No,45,3,Yes,29,2,4,4,4
1466,No,48,2,No,7,3,1,1,3
1467,Yes,34,2,No,9,1,3,4,3
1468,No,40,9,No,8,4,2,3,3
1469,No,28,5,No,5,4,1,4,3
1471,No,44,5,No,5,3,3,4,3
1472,No,53,9,No,2,4,2,2,2
1473,No,49,3,No,5,1,3,2,2
1474,No,40,3,No,2,3,3,3,4
1475,No,44,5,No,20,4,2,3,2
1477,No,33,4,No,7,4,1,1,3
1478,No,34,13,No,3,4,1,4,3
1479,No,30,2,No,16,4,3,3,2
1480,No,42,12,No,9,1,4,3,3
1481,No,44,1,No,1,1,3,3,2
1482,No,30,1,No,7,3,3,2,2
1483,No,57,12,No,1,2,3,1,2
1484,No,49,8,No,7,3,2,2,3
1485,No,34,14,No,15,2,1,4,2
1486,Yes,28,3,No,1,1,3,4,4
1487,Yes,29,5,No,13,1,2,1,1
1489,Yes,34,15,Yes,24,1,2,3,4
1492,No,35,1,No,7,4,3,1,3
1494,Yes,24,0,Yes,9,2,1,3,2
1495,No,24,1,No,13,4,2,3,3
1496,No,44,2,Yes,2,2,3,2,2
1497,No,29,10,No,19,3,3,3,3
1499,No,30,5,No,1,3,3,1,4
1501,No,55,3,Yes,4,4,3,2,3
1502,No,33,5,No,4,1,2,4,3
1503,No,47,5,Yes,14,3,3,3,2
1504,Yes,28,0,No,2,3,1,3,2
1506,No,28,1,No,1,1,3,4,1
1507,No,28,4,No,7,3,1,4,3
1509,No,49,3,No,3,3,1,1,3
1513,No,29,3,No,2,4,2,3,3
1514,No,28,8,No,29,3,2,2,2
1515,No,33,0,Yes,8,4,3,1,3
1516,No,32,5,No,10,3,4,2,4
1520,No,54,14,No,11,2,4,1,3
1522,Yes,29,9,No,1,1,1,3,1
1523,No,44,20,No,28,4,1,3,4
1525,No,39,2,No,6,2,2,4,3
1527,No,46,13,No,3,3,2,4,4
1529,No,35,11,No,16,4,2,4,1
1533,No,23,4,No,20,1,3,2,3
1534,Yes,40,5,No,9,4,1,2,1
1535,No,34,10,Yes,1,4,3,4,3
1537,Yes,31,7,No,3,4,3,1,1
1539,No,50,32,Yes,22,3,4,4,3
1541,No,34,11,Yes,7,2,3,2,3
1542,No,42,1,No,2,3,2,2,3
1543,No,37,10,No,13,1,4,1,3
1544,No,29,7,No,8,3,1,3,3
1545,No,33,5,No,25,4,2,4,3
1546,No,45,5,No,28,4,4,4,3
1547,No,42,20,Yes,2,4,4,3,1
1548,No,40,8,No,9,1,1,4,4
1549,No,33,15,Yes,28,2,3,2,3
1550,No,40,21,Yes,6,3,4,4,3
1551,No,24,1,No,21,3,1,2,3
1552,No,40,2,Yes,8,4,4,3,3
1553,No,45,10,No,1,1,2,1,3
1554,No,35,5,No,28,2,3,1,3
1555,No,32,7,No,5,4,2,1,3
1556,No,36,3,Yes,2,3,4,4,2
1557,No,48,8,No,16,3,3,3,3
1558,No,29,1,No,9,3,3,1,2
1560,No,33,2,No,8,1,1,4,1
1562,Yes,30,10,No,1,2,1,4,3
1563,No,38,6,No,10,3,3,3,3
1564,No,35,3,No,1,4,1,2,3
1568,No,30,4,No,29,3,2,2,3
1569,Yes,35,1,Yes,2,1,1,4,3
1572,Yes,53,33,No,2,3,4,2,3
1573,Yes,38,5,No,2,3,2,1,3
1574,No,32,6,No,1,4,1,2,2
1576,No,48,8,No,15,3,1,4,2
1577,No,34,1,No,7,1,4,3,1
1578,No,55,36,No,26,3,4,3,3
1580,No,34,2,No,1,2,4,2,2
1581,No,26,1,No,3,1,4,1,3
1582,No,38,9,No,14,3,2,4,3
1583,No,38,3,No,16,2,2,2,4
1585,No,36,1,No,1,2,3,1,3
1586,No,29,10,Yes,3,2,1,4,3
1587,No,35,5,Yes,10,1,3,3,3
1588,No,39,7,No,6,4,3,1,3
1590,No,29,6,No,2,1,4,4,4
1591,No,50,1,Yes,9,3,3,3,3
1592,No,23,2,No,10,4,3,4,3
1594,No,36,3,Yes,6,1,1,4,3
1595,No,42,1,No,9,4,4,4,3
1596,No,35,10,No,28,2,3,4,2
1597,No,34,8,No,10,4,3,2,2
1598,No,40,5,No,14,4,1,3,3
1599,No,43,6,No,27,4,2,3,3
1601,No,35,1,No,7,3,4,4,2
1602,No,46,26,No,1,4,1,2,1
1604,Yes,28,1,Yes,24,3,2,3,3
1605,No,22,4,Yes,26,2,3,2,2
1606,No,50,30,Yes,20,2,3,3,3
1607,No,32,3,No,5,2,4,4,3
1608,No,44,22,Yes,7,2,4,4,2
1609,No,30,6,No,7,2,2,2,2
1611,No,45,10,Yes,5,3,1,1,3
1612,No,45,10,No,26,1,1,1,3
1613,No,31,5,No,2,4,1,4,3
1614,No,36,3,Yes,12,3,3,2,3
1615,No,34,9,No,10,3,4,1,3
1617,No,49,9,No,25,3,1,4,2
1618,No,39,7,No,10,2,1,4,3
1619,No,27,7,No,19,4,1,1,3
1621,No,35,16,No,18,2,1,4,3
1622,No,28,5,No,27,2,1,2,2
1623,No,21,2,No,5,3,4,3,3
1624,Yes,18,0,Yes,3,2,4,3,4
1625,No,47,5,No,26,4,3,3,3
1627,No,39,10,No,3,3,3,4,3
1628,No,40,18,No,15,1,3,4,3
1630,No,35,14,No,8,3,3,4,3
1631,No,37,4,No,19,3,3,1,2
1633,No,39,9,No,4,1,3,4,1
1635,No,45,10,No,2,4,4,1,3
1638,No,38,5,Yes,2,4,3,4,4
1639,Yes,35,13,No,10,4,1,3,3
1640,No,37,8,No,10,2,2,1,1
1641,No,40,4,Yes,16,3,4,4,2
1642,No,44,10,Yes,1,1,4,3,3
1644,No,48,2,No,4,3,4,2,3
1645,Yes,35,2,Yes,15,1,4,4,2
1646,No,24,6,Yes,2,1,4,3,3
1647,No,27,3,No,8,2,3,1,3
1648,No,27,4,No,2,4,4,3,2
1649,Yes,40,4,Yes,7,1,1,2,1
1650,No,29,5,No,10,3,3,3,3
1651,No,36,3,No,5,2,1,3,3
1653,No,25,7,No,2,4,3,3,3
1654,No,39,5,No,12,4,2,3,3
1655,No,49,4,No,22,1,2,2,3
1656,No,50,14,No,17,4,1,3,3
1657,No,20,2,No,2,3,3,1,3
1658,No,34,11,No,3,4,2,3,3
1659,No,36,4,No,7,1,2,3,3
1661,No,49,15,Yes,6,3,3,2,3
1662,No,36,3,No,1,4,3,3,3
1664,No,36,5,No,3,4,1,1,3
1665,No,54,10,No,22,2,3,3,3
1666,No,43,14,No,15,3,3,1,3
1667,Yes,35,11,Yes,12,4,4,1,4
1668,No,38,13,No,1,4,4,4,4
1669,No,29,10,Yes,5,1,2,2,2
1670,No,33,6,No,2,4,4,3,3
1671,No,32,9,No,2,4,2,3,2
1673,No,31,10,No,5,1,4,1,3
1674,No,49,2,Yes,16,4,1,2,2
1675,No,38,4,No,2,4,2,2,3
1676,No,47,3,No,2,2,2,3,3
1677,No,49,8,No,1,3,3,1,3
1678,No,41,2,Yes,23,4,3,4,3
1680,No,20,2,No,9,4,1,1,3
1681,No,33,6,Yes,16,3,4,3,3
1682,No,36,3,No,26,1,3,2,2
1683,No,44,2,Yes,1,3,4,1,3
1684,Yes,23,5,Yes,8,4,3,1,3
1687,No,38,0,No,4,4,3,4,2
1689,No,53,4,No,24,2,4,3,3
1691,Yes,48,9,Yes,7,4,3,3,3
1692,Yes,32,1,No,2,4,2,1,3
1693,No,26,7,No,7,4,4,3,3
1694,No,55,4,No,22,1,2,4,3
1696,No,34,15,No,5,2,4,3,4
1697,No,60,1,No,1,3,4,3,4
1698,No,33,14,No,21,2,2,4,3
1700,No,37,6,No,1,3,4,3,2
1701,No,34,10,No,19,2,4,2,3
1702,Yes,23,3,Yes,7,3,4,2,3
1703,No,44,8,Yes,2,3,4,2,3
1704,No,35,5,Yes,2,1,4,3,4
1706,No,43,10,Yes,2,4,4,1,3
1707,No,24,5,No,9,3,3,4,3
1708,No,41,10,No,6,4,3,2,3
1709,No,29,5,No,9,4,3,3,3
1710,No,36,13,No,2,3,4,3,2
1712,No,45,23,No,1,3,3,4,2
1714,Yes,24,1,No,22,4,3,3,3
1716,Yes,47,23,No,9,3,3,3,1
1718,No,26,3,No,17,4,3,3,4
1719,No,45,21,No,28,4,2,3,3
1720,No,32,5,No,10,1,3,1,2
1721,No,31,5,No,2,2,3,4,4
1722,No,41,3,No,4,3,2,2,3
1724,No,40,1,Yes,8,2,1,2,3
1725,No,24,6,No,29,2,1,2,4
1727,No,46,10,No,13,3,2,4,3
1728,No,35,7,No,27,4,3,2,3
1729,No,30,10,No,16,2,4,2,2
1731,No,47,1,No,2,3,2,4,1
1732,No,46,10,Yes,2,3,4,2,2
1733,Yes,36,2,Yes,13,2,1,2,3
1734,Yes,32,0,No,1,1,2,2,3
1735,No,23,3,No,4,3,2,3,1
1736,No,31,5,No,24,4,4,4,2
1737,No,39,9,Yes,1,4,4,4,3
1739,No,32,4,No,19,4,3,3,1
1740,No,40,21,No,7,2,2,2,2
1744,No,45,5,No,4,3,3,3,4
1745,No,30,9,No,2,4,1,4,3
1746,No,24,2,No,10,1,4,4,3
1747,Yes,30,4,No,8,3,4,3,2
1749,No,31,5,No,5,1,3,3,3
1751,No,27,6,No,8,3,4,3,2
1752,Yes,29,2,No,9,2,2,3,3
1753,No,29,3,Yes,1,4,3,4,4
1754,No,30,7,No,15,3,1,1,3
1755,No,34,5,Yes,2,4,4,1,3
1756,No,33,11,No,2,4,2,4,2
1757,No,49,5,No,11,4,4,3,4
1758,Yes,33,0,Yes,16,1,1,3,2
1760,No,38,6,No,2,3,2,2,2
1761,Yes,31,1,No,16,1,3,1,3
1762,No,29,1,No,4,4,1,3,3
1763,No,30,7,No,16,3,3,3,3
1764,No,32,7,No,5,2,2,2,3
1766,No,38,1,Yes,18,2,4,3,3
1767,Yes,43,1,Yes,17,3,3,4,3
1768,No,42,5,No,12,2,2,2,2
1770,No,55,1,No,2,3,1,2,3
1771,No,33,9,No,4,4,2,4,2
1772,No,41,5,No,9,3,1,2,3
1774,No,34,15,Yes,10,4,3,3,3
1775,No,53,3,Yes,1,1,3,4,2
1778,No,43,9,No,2,2,4,2,3
1779,No,34,2,No,3,4,4,1,3
1780,Yes,21,1,No,7,2,2,2,3
1782,No,38,5,No,6,4,3,2,3
1783,Yes,22,1,Yes,8,3,1,3,3
1784,No,31,12,No,29,1,4,1,3
1786,No,51,2,No,3,1,3,4,3
1787,No,37,5,No,9,2,2,1,3
1789,No,46,2,Yes,2,3,4,3,3
1790,No,36,12,Yes,10,4,1,4,3
1792,Yes,44,5,Yes,1,3,2,3,2
1794,No,37,10,No,8,3,2,3,2
1797,Yes,35,10,Yes,27,3,4,4,3
1798,No,33,10,No,8,4,1,2,3
1799,No,28,5,No,1,3,4,3,4
1800,No,39,4,No,10,3,3,3,3
1801,No,46,2,No,26,2,2,3,3
1802,No,40,4,No,2,3,1,4,2
1803,No,42,0,No,13,2,1,3,2
1804,No,35,7,No,2,2,4,3,3
1805,No,38,11,No,2,1,2,4,3
1807,Yes,34,7,No,9,4,1,3,2
1809,Yes,37,10,No,10,4,1,2,1
1812,No,39,2,No,20,3,4,4,3
1813,No,43,3,No,9,1,3,3,2
1814,No,41,3,No,5,2,2,1,1
1815,No,41,22,Yes,4,3,3,4,4
1816,No,30,7,No,10,1,3,2,3
1818,Yes,26,5,Yes,20,4,2,3,3
1821,Yes,46,9,No,21,4,2,4,4
1822,No,40,5,No,1,3,4,4,3
1823,No,34,10,No,8,2,3,3,3
1824,No,58,16,No,2,2,2,4,2
1826,No,35,5,No,23,2,3,2,4
1827,No,47,22,Yes,4,3,2,3,3
1829,No,40,7,No,12,2,1,2,3
1830,No,54,7,No,7,4,4,2,2
1833,No,31,3,No,7,1,1,4,3
1834,No,28,3,No,1,3,1,3,3
1835,No,38,4,Yes,2,2,4,1,2
1836,No,26,5,No,10,3,4,1,3
1837,No,58,2,Yes,15,1,3,2,3
1839,No,18,0,No,14,2,3,3,1
1842,Yes,31,1,No,18,4,1,3,3
1844,Yes,29,2,Yes,13,1,1,4,3
1845,No,45,8,No,2,3,3,2,4
1847,No,36,1,Yes,2,4,2,4,3
1849,No,43,7,No,2,1,4,3,3
1850,No,27,5,Yes,5,4,4,3,2
1852,No,29,11,No,20,4,4,2,4
1853,No,32,0,No,10,4,4,3,4
1854,No,42,6,No,10,3,3,2,2
1856,No,47,2,No,9,2,3,3,3
1857,No,46,9,No,2,4,4,3,2
1858,No,28,3,No,1,3,4,2,3
1859,No,29,7,No,29,4,3,4,3
1860,No,42,0,No,8,4,3,4,3
1862,Yes,32,2,Yes,2,3,2,3,2
1863,No,46,19,No,3,1,1,4,3
1864,No,27,9,No,23,2,3,4,3
1865,No,29,1,No,6,4,2,4,3
1866,No,43,16,No,6,1,3,4,3
1867,No,48,22,No,10,4,2,4,3
1868,Yes,29,1,Yes,24,4,4,2,2
1869,Yes,46,8,No,10,3,2,3,3
1870,No,27,7,No,15,4,1,4,2
1871,No,39,2,No,19,4,4,2,3
1873,No,55,5,No,2,2,4,2,4
1875,No,28,1,No,3,2,2,4,3
1876,Yes,30,1,No,9,2,4,3,2
1878,Yes,22,1,Yes,7,4,2,1,3
1880,No,36,10,Yes,10,2,3,1,3
1881,No,31,10,No,20,2,3,1,3
1882,No,34,5,Yes,4,3,4,4,3
1883,No,29,3,No,7,4,1,2,3
1885,No,37,5,Yes,7,4,1,3,3
1886,No,35,3,Yes,16,4,2,4,3
1888,No,45,9,No,25,2,4,4,2
1890,No,36,10,No,2,2,4,4,2
1892,No,40,19,No,1,1,1,1,3
1893,No,26,1,Yes,1,2,3,3,2
1898,No,27,8,No,2,1,3,2,2
1900,No,48,22,No,22,4,4,2,3
1903,No,44,2,No,1,2,1,4,3
1905,Yes,34,5,Yes,16,4,1,2,3
1907,Yes,56,4,No,24,1,4,4,3
1908,No,36,4,No,17,3,2,3,1
1909,No,41,5,No,8,3,2,3,3
1911,No,42,13,No,6,3,1,2,4
1912,No,31,5,Yes,10,3,4,4,3
1915,No,34,4,Yes,3,4,4,3,2
1916,No,31,2,No,4,1,3,2,2
1918,No,26,7,No,6,3,4,1,3
1922,No,45,4,No,1,2,3,3,3
1924,No,33,10,No,10,2,3,2,2
1927,No,28,7,Yes,1,3,4,3,3
1928,Yes,29,1,No,24,3,1,4,3
1929,No,39,3,No,21,1,3,3,3
1931,No,27,5,No,2,2,2,3,2
1932,No,34,15,Yes,22,3,4,2,3
1933,Yes,28,2,Yes,13,4,3,4,3
1934,No,47,8,No,14,3,2,3,4
1935,No,56,0,No,11,4,1,3,3
1936,No,39,10,No,9,1,1,4,3
1937,No,38,20,Yes,8,4,2,3,3
1938,No,58,1,Yes,21,4,4,3,2
1939,Yes,32,4,Yes,5,1,3,1,3
1940,No,38,5,No,9,2,4,4,4
1941,No,49,5,No,2,2,4,4,3
1943,No,42,0,Yes,12,2,4,3,3
1944,Yes,27,1,No,22,1,2,1,3
1945,No,35,5,No,18,2,1,4,1
1947,No,28,5,No,16,3,3,3,2
1948,No,31,4,Yes,3,3,1,4,4
1949,No,36,5,No,9,1,2,2,3
1950,No,34,14,No,1,1,4,1,2
1951,No,34,8,No,13,4,3,3,2
1952,No,26,7,No,1,3,1,4,2
1954,No,29,5,No,1,1,1,1,2
1955,No,32,5,No,15,3,4,2,3
1956,No,31,10,No,1,4,1,2,3
1960,Yes,28,4,No,17,3,4,1,2
1961,No,38,1,No,1,1,1,1,2
1962,No,35,10,Yes,7,3,4,4,3
1965,No,27,7,No,9,4,4,1,3
1966,No,32,1,No,5,4,4,2,3
1967,Yes,31,10,Yes,26,1,4,3,3
1968,Yes,53,2,Yes,24,1,1,2,2
1969,No,54,4,No,9,1,3,3,2
1970,No,33,9,No,7,4,3,3,3
1971,No,43,10,No,11,1,3,2,3
1972,No,38,6,Yes,1,4,2,2,3
1973,No,55,10,Yes,26,3,2,1,3
1974,No,31,1,Yes,2,4,4,3,3
1975,No,39,20,No,15,2,1,1,3
1976,No,42,20,No,23,4,3,4,3
1979,No,31,11,No,10,3,3,3,4
1980,No,54,5,Yes,10,3,1,4,3
1981,No,24,4,No,1,2,3,2,2
1982,No,23,5,No,12,4,4,3,4
1985,No,40,10,No,11,4,3,1,4
1986,No,40,11,No,2,2,2,3,3
1987,No,25,2,No,2,3,2,3,3
1989,No,30,12,No,1,4,2,3,2
1992,No,25,2,Yes,2,4,3,3,2
1993,No,47,17,No,25,1,3,2,3
1994,No,33,1,No,1,2,3,3,2
1995,No,38,15,No,1,4,2,1,3
1996,No,31,2,No,2,1,3,3,3
1997,No,38,8,No,6,1,3,4,3
1998,No,42,4,Yes,18,4,1,3,2
1999,No,41,5,No,1,4,4,1,3
2000,No,47,13,No,1,3,2,1,1
2003,No,35,2,Yes,11,4,3,3,3
2007,No,22,3,No,1,4,3,4,4
2008,No,35,10,No,9,2,3,2,3
2009,No,33,9,Yes,15,2,4,1,3
2010,No,32,6,No,29,3,2,3,3
2012,No,40,1,No,1,1,4,3,2
2013,No,32,2,No,1,2,2,2,3
2014,No,39,7,No,24,1,4,1,3
2015,No,38,18,No,10,2,3,1,3
2016,No,32,14,No,1,3,4,3,3
2017,No,37,16,Yes,10,3,4,1,3
2018,No,25,5,Yes,8,1,3,2,2
2019,No,52,9,No,29,1,4,2,2
2020,No,44,4,Yes,1,2,4,3,3
2021,No,21,2,Yes,5,3,1,4,3
2022,No,39,6,No,9,4,4,3,2
2023,Yes,23,1,No,9,4,1,1,2
2024,No,36,9,No,3,1,4,3,3
2025,No,36,4,No,4,4,2,2,3
2026,No,56,13,No,1,3,3,1,2
2027,Yes,29,2,Yes,1,1,4,2,4
2031,No,42,22,No,2,1,3,1,2
2032,Yes,56,10,No,7,4,3,4,1
2034,No,41,20,No,28,1,2,3,3
2035,No,34,8,No,28,4,3,4,3
2036,No,36,15,No,15,4,4,1,2
2037,No,41,5,No,3,3,2,3,3
2038,No,32,4,No,2,4,1,4,3
2040,No,35,9,Yes,26,3,4,3,3
2041,No,38,10,No,10,1,4,3,3
2044,Yes,50,6,No,1,2,3,4,3
2045,No,36,6,No,11,2,4,1,2
2046,No,45,5,No,20,4,3,3,3
2048,No,40,2,No,2,3,3,4,3
2049,No,35,10,Yes,18,3,3,4,4
2051,No,40,5,No,2,3,3,2,3
2052,No,35,4,No,1,3,4,4,3
2053,No,29,4,Yes,13,4,2,1,3
2054,No,29,5,No,28,4,1,2,1
2055,Yes,50,3,Yes,28,4,1,2,3
2056,No,39,20,No,24,2,4,1,2
2057,No,31,9,No,5,2,1,2,3
2060,No,26,4,No,5,4,3,4,3
2061,No,36,5,No,23,3,4,3,3
2062,No,39,7,No,6,4,1,1,3
2064,No,27,6,Yes,4,2,2,2,3
2065,No,49,9,No,2,4,2,4,2
2068,No,34,4,No,8,2,3,1,4
